ID	Category	English Question	English Answer	French Question	French Answer	Bambara Question	Bambara Answer	Crop	Region	Season
1	Planting	What is the best time to plant millet?	Millet should be planted at the beginning of the rainy season when adequate rainfall is expected.	Quelle est la meilleure période pour planter le mil ?	Le mil doit être planté au début de la saison des pluies lorsque les précipitations sont suffisantes.	Ɲɔ ka kan ka dan tuma jumɛn?	Ɲɔ ka kan ka dan samiyɛ daminɛ tuma la, sanjiba fɔlɔw mana na. 	General		
2	Planting	What is the best time to plant maize?	Maize should be planted shortly after the first effective rains.	Quelle est la meilleure période pour planter le maïs ?	Le maïs doit être planté juste après les premières pluies efficaces.	Kaba ka kan ka dan tuma jumɛn?	Kaba ka kan ka dan samiyɛ daminɛ tuma la, sanji fɔlɔw kɔfɛ.	Rice		
3	Planting	What is the recommended planting depth for millet seeds?	Millet seeds should generally be planted at a depth of 2 to 3 centimeters.	Quelle est la profondeur recommandée pour semer les graines de mil ?	Les graines de mil doivent être semées à une profondeur de 2 à 3 cm.	Ɲɔ danni dingɛ jate ye jumɛn ye? 	Ɲɔ si danni dingɛ jate ye k’a ta santimɛtɛrɛ 2 la ka se santimɛtɛrɛ 3 ma.	Maize		
4	Planting	How much spacing should be left between maize plants?	Recommended spacing depends on the variety, but 75 cm between rows and 25 cm between plants is common.	Quel espacement faut-il entre les plants de maïs ?	En général, 75 cm entre les rangées et 25 cm entre les plants.	Jate jumɛn ka kan ka kɛ kaba siraw ani kaba danni dingɛw ni nɔgɔn cɛ?	Santimɛtɛrɛ 75 kaba siraw ni nɔgɔn cɛ, santimɛtɛrɛ 25 danni dingɛw ni nɔgɔn cɛ.	Millet		
5	Planting	Why is timely planting important?	Timely planting helps crops make full use of the rainy season and improves yields.	Pourquoi le semis au bon moment est-il important ?	Il permet aux cultures de profiter pleinement de la saison des pluies.	Nafa jumɛn bɛ danni kɛli la a tuma jɔnjɔn na?	A b’a to sɛnɛfɛnw bɛ nafa sɔrɔ samiyɛ sanji nali la.	Sorghum		
6	Irrigation	How often should tomato plants be watered?	Tomato plants should be watered regularly, especially during dry periods, while avoiding waterlogging.	À quelle fréquence arroser les plants de tomate ?	Régulièrement, surtout en période sèche, sans excès d’eau.	Ji ka kan kɛ tomati jukɔrɔ siɲɛ joli? 	Tuma bɛɛ, kɛrɛnkɛrɛnnenya la ja waatiw la, ji tɛmɛnen t’a la, nka ji man ka ka dantɛmɛ.	Cotton		
7	Irrigation	What is the best time of day to irrigate crops?	Early morning or late afternoon is generally the best time to irrigate crops.	Quel est le meilleur moment pour irriguer ?	Le matin tôt ou en fin d’après-midi.	Jidon ka kan ka di tuma jumɛn?	Sɔgɔmada fɛ walima wula fɛ.	Groundnut		
8	Irrigation	How can farmers conserve irrigation water?	Farmers can conserve water through mulching, drip irrigation, and proper scheduling.	Comment économiser l’eau d’irrigation ?	Utiliser le paillage, le goutte-à-goutte et une bonne planification.	Ji bɛ se ka la lakana cogo di? 	Dugubinfiri, ji donli, ani baara bolodacogo ɲuman. 	Cowpea		
9	Irrigation	What are signs that crops need water?	Wilting leaves, dry soil, and slow growth are common signs of water stress.	Quels sont les signes de stress hydrique ?	Flétrissement, sol sec et croissance lente.	Ji dɛsɛ taamasiɲɛ jumɛnw bɛ yen?	Jiriw bonyali ka suma, u tɛ fɛrɛ, dugukolo bɛ ja.	Sesame		
10	Irrigation	Can excessive irrigation harm crops?	Yes. Excessive irrigation can cause root diseases, nutrient loss, and reduced yields.	L’irrigation excessive est-elle dangereuse ?	Oui, elle peut provoquer des maladies des racines.	kɔlɔlɔ jumɛnw bɛ ji cayali la ? 	Jirisunw diliw bɛ bana.	Vegetables		
11	Fertilizer	Which fertilizer is commonly used for maize?	NPK fertilizer is commonly used for maize, depending on soil fertility conditions.	Quel engrais utiliser pour le maïs ?	L’engrais NPK est couramment utilisé selon la fertilité du sol.	Bagaji jumɛn ka kan ka kɛ kaba kɔrɔ? 	NPK bagaji bɛ kɛ ka caya kaba kɔrɔ ka kɛɲɛ ni dugukolo nafa ye. 			
12	Fertilizer	Why is organic manure important?	Organic manure improves soil fertility, soil structure, and water retention.	Pourquoi utiliser le fumier organique ?	Il améliore la fertilité et la structure du sol.	Mun na baara ka kan ka kɛ ni sununkun nɔgɔ ye? 	A bɛ dugukolo nafa ni a jɔcogo ɲɛ. 			
13	Fertilizer	When should fertilizer be applied?	Fertilizer should be applied according to crop requirements and local recommendations.	Quand appliquer l’engrais ?	Selon les besoins des cultures et les recommandations locales.	Tuma jumɛn na bagaji ka kan ka kɛ sɛnɛfɛnw kɔrɔ? 	Ka kɛɲɛ ni sɛnɛfɛnw magow ye ani sigiyɔrɔ ladilikanw. 			
14	Fertilizer	What is compost?	Compost is decomposed organic material used to improve soil fertility.	Qu’est-ce que le compost ?	Matière organique décomposée utilisée comme fertilisant.	Kɔmpɔst ye mun ye? 	Fɛnɲɛnama tolilenw minnu bɛ kɛ bagaji ye.			
15	Fertilizer	How can a farmer know if soil lacks nutrients?	Soil testing and observation of crop symptoms can help identify nutrient deficiencies.	Comment détecter une carence en nutriments ?	Par l’analyse du sol et les symptômes visibles sur les plantes.	Dugukolo balo nafama dɛsɛ bɛ dɔn cogo di? 	Dugukolo sɛgɛsɛgɛli fɛ ani a taamasiɲɛ minnu bɛ ye jiriw la. 			
16	Pests	How can farmers control armyworms?	Farmers can control armyworms through regular monitoring, biological control, and recommended pesticides when necessary.	Comment lutter contre les chenilles légionnaires ?	Surveillance et lutte intégrée des ravageurs.	sɛnɛfɛnw bɛ se ka la kana cogo di? 	Banakisɛw kɔlɔsili ani u kɛlɛli kɛlɛcogo kɛrɛnkɛrɛnnenw na. 			
17	Pests	What are common signs of pest infestation?	Damaged leaves, holes, discoloration, and reduced growth are common signs.	Quels sont les signes d’infestation ?	Feuilles endommagées, trous et croissance réduite.	Mun ye bana taamasiɲɛw ye? 	Jiriw buluw sɔgɔsɔgɔlen don, jiriw ka bonyali ka suma.			
18	Pests	Why is field monitoring important?	Regular monitoring helps detect pest problems early and reduces crop losses.	Pourquoi surveiller les champs ?	Pour détecter les problèmes tôt.	Mun na forow ka kan ka kɔrɔsili?	Walasa ka gɛlɛyaw la kodɔn joona.			
19	Pests	What is integrated pest management?	Integrated Pest Management combines biological, cultural, mechanical, and chemical methods to manage pests sustainably.	Qu’est-ce que la lutte intégrée ?	Combinaison de méthodes biologiques, mécaniques et chimiques.	Bana bɛ se ka kɛlɛ kɛlɛcogo kɛrɛnkɛrɛnnenyalen na cogo di?	Nin ka kɛlɛ kɛ fɛɛrɛw fara ɲɔgɔn kan, k’u kɛ ɲɔgɔn fɛ.			
20	Pests	Can crop rotation reduce pests?	Yes. Crop rotation can disrupt pest life cycles and reduce infestations.	La rotation des cultures aide-t-elle ?	Oui, elle réduit les infestations.	Yala ka sɛnɛfɛnw falen-falen o bɛ dɛmɛ kɛ wa? 	Ɔwɔ, a bɛ dɔ bɔ banakisɛw sɔrɔli la.			
21	Diseases	How can farmers prevent crop diseases?	Farmers can prevent diseases by using certified seeds, resistant varieties, and good field hygiene.	Comment prévenir les maladies des cultures ?	Utiliser des semences saines et des variétés résistantes.	Sɛnɛfɛnw ka banaw bɛ se ka kunbɛn cogo di?	Ka baara kɛ ni sumansi kɛnɛmanw ye ani suguya minnu bɛ se ka bana kɛlɛ. 			
22	Diseases	Why should diseased plants be removed?	Removing diseased plants helps prevent the spread of pathogens.	Pourquoi enlever les plantes malades ?	Pour éviter la propagation des maladies.	Mun na an ka kan ka jiri bananenw bɔ?	Walasa ka bana jɛnsɛnni bali.			
23	Diseases	What causes fungal diseases in crops?	High humidity, poor drainage, and infected plant materials often favor fungal diseases.	Quelles sont les causes des maladies fongiques ?	Humidité élevée et mauvaise drainage.	Nfiɛna banaw sababu ye mun ye?	Sumaya damatɛmɛni ani jibɔlisiraw kɛ kojuguya. 			
24	Diseases	What is seed treatment?	Seed treatment involves applying protective substances to seeds before planting to reduce disease risks.	Qu’est-ce que le traitement des semences ?	Protection des graines avant le semis.	Sumansi furakɛli ye mun ye?	U lakanani sani u ka dan. 			
25	Diseases	Why is crop sanitation important?	Crop sanitation reduces the spread of diseases and pests in the field.	Pourquoi l’hygiène des champs est-elle importante ?	Elle réduit les maladies et les ravageurs.	Mun na foro saniya nafa ka bon?	A bɛ dɔ bɔ banaw ni fɛnɲɛnamaw na. 			
26	Weather	How does rainfall affect crop production?	Adequate rainfall promotes crop growth, while insufficient rainfall can reduce yields.	Comment la pluie affecte-t-elle la production agricole ?	Une pluie suffisante favorise la croissance, une insuffisante réduit les rendements.	Sanji bɛ nɔ bila sɛnɛfɛnw na cogo di?	Ni sanji nana ka laboli kɛ sɛnɛfɛnw ka bonyali bɛ sabati, sanjidɛsɛ bɛ dɔ bɔ sɛnɛfɛnw sumanbɔ la. 			
27	Weather	Why should farmers follow weather forecasts?	Weather forecasts help farmers plan planting, irrigation, fertilizer application, and harvesting activities.	Pourquoi suivre les prévisions météorologiques ?	Pour mieux planifier les activités agricoles.	Mun na ka tugu waati kunnafoniw la? 	Walasa ka sɛnɛko baaraw boloda ka ɲɛ. 			
28	Weather	What can farmers do before heavy rainfall?	Farmers should improve drainage, protect stored produce, and avoid applying fertilizers before heavy rains.	Que faire avant de fortes pluies ?	Améliorer le drainage et protéger les récoltes.	Mun ka kan ka kɛ sani sanjiba ka na?	Ka jibɔlisiraw laben ani ka sɔrɔ lakana.			
29	Weather	How can strong winds affect crops?	Strong winds can damage plants, cause lodging, and reduce crop yields.	Comment le vent fort affecte-t-il les cultures ?	Il peut casser les plantes et réduire les rendements.	Fɔɲɔba bɛ nɔ bila sɛnɛfɛnw na cogo di?	A bɛ se ka jiriw kari ani ka dɔ bɔ sɛnɛfɛnw sumanbɔw la.			
30	Weather	What is a rainfall anomaly?	A rainfall anomaly is the difference between actual rainfall and the long-term average rainfall.	Qu’est-ce qu’une anomalie de pluie ?	La différence entre pluie réelle et moyenne normale.	Sanjidantɛmɛ walima sanjidɛsɛ  ye mun ye?	Danfara min bɛ sanjiko yɛrɛyɛrɛ ni sanjidantɛmɛ walima sanjidɛsɛ hakɛ danmadɔ cɛ.			
31	Drought	What is drought?	Drought is a prolonged period of below-average rainfall that negatively affects crops, livestock, and water resources.	Qu’est-ce que la sécheresse ?	Une période prolongée de faible pluie.	Ja ye mun ye?	Sanji dɔgɔyalen ka waati jan kɛ.			
32	Drought	What are the early signs of drought?	Early signs include delayed rains, declining soil moisture, wilting crops, and reduced water availability.	Quels sont les signes de sécheresse ?	Retard des pluies, sol sec, flétrissement.	Ja taamasiɲɛw ye mun ye?	Sanji mɛnna a ma na, dugukolo jalen, sɛnɛfɛnw kunw n’u buluw bɛ majigi. 			
33	Drought	How can farmers reduce the impact of drought?	Farmers can use drought-tolerant crops, conserve soil moisture, and diversify their farming activities.	Comment réduire les effets de la sécheresse ?	Utiliser des variétés résistantes et conserver l’eau.	Ja kɔlɔlɔ bɛ se ka dɔgɔya cogo di?	Ka baara kɛ ni simansiw ye minnu bɛ se ka ja kɛlɛ ani ka ji mara.			
34	Drought	What are drought-tolerant crops?	Drought-tolerant crops are crop varieties that can survive and produce yields under limited water conditions.	Que sont les cultures résistantes à la sécheresse ?	Des variétés capables de survivre avec peu d’eau.	Sɛnɛfɛn minnu bɛ se ka ja kɛlɛ, olu ye mun ye?	Sɛnɛfɛn sugu minnu bɛ se ka balo ni ji fitinin ye.			
35	Drought	Why is mulching important during drought?	Mulching helps conserve soil moisture, suppress weeds, and regulate soil temperature.	Pourquoi le paillage est-il important ?	Il conserve l’humidité du sol.	Nafa jumɛn bɛ dugubinfiri la? 	A bɛ dugukolo sumaya nin a nɔgɔ mara.			
36	Soil Management	Why is soil fertility important?	Soil fertility is important because it provides nutrients necessary for healthy crop growth.	Pourquoi la fertilité du sol est-elle importante ?	Elle permet une bonne croissance des plantes.	Mun na dugukolo nɔgɔya nafa ka bon?	A b’a to sɛnɛfɛnw bɛ bɔ u yɛrɛ la joona.			
37	Soil Management	How can soil erosion be reduced?	Soil erosion can be reduced through contour farming, mulching, cover crops, and tree planting.	Comment réduire l’érosion du sol ?	Par les cultures en courbes et la couverture végétale.	Dugukolonɔn bɛ se ka dɔgɔya cogo di?	Dankun bɔlɔnw ani dugukolo datugun ni sɛnɛfɛnw ye.			
38	Soil Management	What is crop rotation?	Crop rotation is the practice of growing different crops on the same field in successive seasons.	Qu’est-ce que la rotation des cultures ?	Cultiver différentes plantes sur la même parcelle.	Sɛnɛfɛnw bɔgɔgɔgɔli ye mun ye?	Ka sɛnɛfɛnw sɛnɛ k’a bɔ ɲɔgɔn koro yɔrɔ kelen na.			
39	Soil Management	Why is crop rotation beneficial?	Crop rotation improves soil fertility, reduces pests and diseases, and increases yields.	Pourquoi pratiquer la rotation ?	Elle améliore la fertilité et réduit les maladies.	Mun na sɛnɛfɛnw bɔgɔgɔgɔli ka ɲi?	A bɛ dugukolo nɔgɔya sabati ani ka banaw dɔgɔya.			
40	Soil Management	What is mulching?	Mulching is the practice of covering the soil surface with plant residues or other materials to conserve moisture.	Qu’est-ce que le paillage ?	Couvrir le sol avec des résidus végétaux.	Dugubinfiri ye mun ye?	Ka dugukolo datugun nin fura buluw ni bin ye. 			
41	Harvest	How can farmers know when crops are ready for harvest?	Crops are ready for harvest when they reach physiological maturity and show characteristic signs such as color change and drying.	Comment savoir quand récolter ?	Lorsque la culture atteint sa maturité.	A bɛ dɔn cogo di ko suman tigɛ waati sera? 	Ni sɛnɛfɛnw kɔgɔra.			
42	Harvest	Why is timely harvesting important?	Timely harvesting reduces post-harvest losses and helps maintain crop quality.	Pourquoi récolter au bon moment ?	Pour éviter les pertes.	Mun na suman tigɛ ka kan ka kɛ a waati jɔnjɔn na?	Walasa ka bɔnɛw bali.			
43	Harvest	What can happen if crops are harvested too early?	Early harvesting may result in poor grain quality, low yields, and reduced storage life.	Que se passe-t-il si on récolte trop tôt ?	Baisse de qualité et de rendement.	Mun bɛ kɛ nin suman kɔnna ka tigɛ?	Nɔgɔnya ni sumanbɔ bɛ dɔgɔya.			
44	Harvest	What can happen if crops are harvested too late?	Late harvesting can increase losses due to pests, diseases, shattering, and adverse weather conditions.	Que se passe-t-il si on récolte tard ?	Pertes dues aux ravageurs et au climat.	Mun bɛ kɛ ni suman tigɛ waati tɛmɛna?	Tiɲɛli fɛnɲɛnamaw ni waati cogoya bɛ suman nagasi.			
45	Harvest	Why should harvested produce be handled carefully?	Careful handling reduces physical damage and preserves product quality.	Pourquoi manipuler soigneusement les récoltes ?	Pour éviter les dommages.	Mun na sɛnɛfɛnw ka kan ka minɛ cogo ɲuman na?	Walasa ka tiɲɛni bali.			
46	Storage	Why is proper storage important?	Proper storage reduces losses caused by insects, rodents, moisture, and mold.	Pourquoi le stockage est-il important ?	Pour réduire les pertes après récolte.	Mun na suman mara cogo ɲuman nafa ka bon?	Walasa ka dɔ bɔ suman tigɛlen kɔfɛ bɔnɛw la.			
47	Storage	How should grains be dried before storage?	Grains should be dried to a safe moisture content before storage to prevent spoilage.	Comment sécher les grains ?	Jusqu’à atteindre un taux d’humidité sûr.	Suman kisɛ ka kan ka la ja cogo di?	Fo ka se sumaya hakɛ lakaɲanen ma.			
48	Storage	What are common storage pests?	Weevils, beetles, rodents, and moths are common storage pests.	Quels sont les ravageurs des stocks ?	Charançons, insectes et rongeurs.	Fɛnɲɛnama jumɛnw bɛ sumanmarata tiɲɛ? 	Ntumuw, kɔnɔniw ani ɲinɛnu.			
49	Storage	How can farmers protect stored grains from pests?	Farmers can use hermetic storage bags, clean storage facilities, and approved pest-control methods.	Comment protéger les stocks ?	Utiliser des sacs hermétiques et des entrepôts propres.	Sumanmarata bɛ kɔrɔsili cogo di?	Ka baara kɛ ni bɔrɔw ye minnu tɛ fiɲɛ bila ka dɔn u tɛ fiɲɛ bila ka bɔ ani marayɔrɔ saniyalen.			
50	Storage	Why should storage facilities be kept clean?	Clean storage facilities reduce contamination, pest infestations, and disease problems.	Pourquoi nettoyer les stocks ?	Pour éviter les infestations.	Mun na sumanmarata ka kan ka saniya?	Walasa ka banakisɛw bali.			
51	Seed Selection	Why is it important to use certified seeds?	Certified seeds have high germination rates, are genetically pure, and are less likely to carry diseases.	Pourquoi utiliser des semences certifiées ?	Elles sont plus productives et saines.	Mun na aw ka kan ka baara kɛ ni sumankisɛw ye minnu sɛgɛsɛgɛlen don?	Olu dɛ bɛ nafa caman lase mɔgɔw ma ani u ka kɛnɛya kɔsɔn.			
52	Seed Selection	How can farmers select good quality seeds?	Farmers should select clean, healthy, well-filled, and undamaged seeds from reliable sources.	Comment choisir de bonnes semences ?	Semences propres, saines et non endommagées.	sumankisɛ ɲumanw bɛ sugandi cogo di?	Minu saniyalen don, u ka kɛnɛ ani tiɲɛli da tɛ minu na.			
53	Seed Selection	What is seed germination?	Seed germination is the process by which a seed begins to grow into a new plant.	Qu’est-ce que la germination ?	Le processus de croissance de la graine.	Fuleli ye mun ye?	sumankisɛw falencogo.			
54	Seed Selection	How can farmers test seed germination before planting?	Farmers can conduct a germination test by placing seeds on moist paper and observing how many sprout.	Comment tester la germination ?	En plaçant les graines dans un milieu humide.	Fuleli bɛ sɛgɛsɛgɛ cogo di?	Ka sumankisɛw bila sumaya la.			
55	Seed Selection	Why should damaged seeds be avoided?	Damaged seeds often have low germination rates and may produce weak plants.	Pourquoi éviter les graines endommagées ?	Elles donnent de faibles plants.	Mun na aw ka kan ka sumankisɛw to yen da bɔra ninu na?	U falentaw man ca.			
56	Land Preparation	Why is land preparation important?	Proper land preparation improves soil conditions, promotes seed germination, and helps control weeds.	Pourquoi préparer le sol ?	Pour améliorer la croissance des cultures.	Mun na dugukolo ka kan ka labɛn?	Walasa ka sɛnɛfɛnw kɔrili ɲɛ.			
57	Land Preparation	When should land preparation begin?	Land preparation should begin before the onset of the rainy season.	Quand préparer le sol ?	Avant la saison des pluies.	Dugukolo ka kan ka labɛn tuma jumɛn?	Sani samiya se.			
58	Land Preparation	What are common methods of land preparation?	Common methods include plowing, harrowing, ridging, and minimum tillage.	Quelles sont les méthodes ?	Labour, hersage, buttage.	Fɛɛrɛ jumɛnw bɛ kɛ?	Dugukolofli, ɲariɲari, ani dugudili.			
59	Land Preparation	What is minimum tillage?	Minimum tillage is a farming practice that disturbs the soil as little as possible to conserve moisture and reduce erosion.	Qu’est-ce que le travail minimum du sol ?	Perturber le sol le moins possible.	Dugukolo sɛnɛcogo fitinin ye mun ye?	Ka dugukolo tiɲɛli fɛgɛnya.			
60	Land Preparation	How can farmers reduce soil erosion during land preparation?	Farmers can use contour farming, maintain vegetation cover, and avoid excessive tillage.	Comment réduire l’érosion ?	Couverture végétale et culture en courbes.	Dugukolonɔn bɛ se ka dɔgɔya cogo di?	Ka dugukolo datugun ni sɛnɛfɛnw ye ani dankun bɔlɔnw.			
61	Weed Management	Why is weed control important?	Weeds compete with crops for nutrients, water, sunlight, and space.	Pourquoi contrôler les mauvaises herbes ?	Elles concurrencent les cultures.	Mun na an ka kan ka binjuguw kɛlɛ?	U bɛ ɲɔgɔntɛmɛ kɛ ni sɛnɛfɛnw ye.			
62	Weed Management	What are common methods of weed control?	Common methods include hand weeding, mulching, crop rotation, and the use of herbicides.	Comment contrôler les mauvaises herbes ?	Désherbage manuel, herbicides, paillage.	Binjuguw bɛ kɛlɛ cogo di?	Binjugu tigɛli bolola, binfagalanw ani dugubinfiri.			
63	Weed Management	When should farmers remove weeds?	Weeds should be removed early, especially during the critical growth stages of crops.	Quand désherber ?	Au début de la croissance des cultures.	Binjuguw bɛ kɛlɛ tuma jumɛn?	Sɛnɛfɛnw kɔrili tuma.			
64	Weed Management	Can mulching help control weeds?	Yes. Mulching suppresses weed growth by blocking sunlight.	Le paillage aide-t-il ?	Oui, il bloque la lumière aux mauvaises herbes.	Yala dugubinfiri bɛ dɛmɛ don wa?	Ɔwɔ, a b’a to binjuguw tɛ yeelen sɔrɔ.			
65	Weed Management	Why should farmers avoid excessive herbicide use?	Excessive herbicide use can harm the environment, human health, and beneficial organisms.	Pourquoi limiter les herbicides ?	Pour protéger l’environnement.	Mun na dan ka kan ka sigi binfagalanw na?	Walasa ka laminifɛwn lakana.			
66	Climate-Smart Agriculture	What is climate-smart agriculture?	Climate-smart agriculture involves farming practices that increase productivity, adapt to climate change, and reduce environmental impacts.	Qu’est-ce que l’agriculture intelligente face au climat ?	Agriculture adaptée au changement climatique.	Sɛnɛ bɛnnen fɔnyɔyaili ma o ye mun ye?	Sɛnɛ min bɛrɛbɛnnen don waati yelema ma.			
67	Climate-Smart Agriculture	What are examples of climate-smart agricultural practices?	Examples include agroforestry, water harvesting, crop rotation, and drought-tolerant crop varieties.	Exemples ?	Agroforesterie, irrigation efficace.	Misaliya la.	Sɛnɛ ni jirituruli furala ani jidon			
68	Climate-Smart Agriculture	How can agroforestry benefit farmers?	Agroforestry improves soil fertility, provides shade, reduces erosion, and diversifies income sources.	Avantages de l’agroforesterie ?	Fertilité et protection du sol.	Sɛnɛ ni jirituruli furala nafa ye mun ye?	Dugukolo nɔgɔya ani dugukolo lakana.			
69	Climate-Smart Agriculture	What is water harvesting?	Water harvesting is the collection and storage of rainwater for agricultural use.	Qu’est-ce que la collecte d’eau ?	Stockage de l’eau de pluie.	Ji dalajɛli ye mun ye?	Sanji ji marali.			
70	Climate-Smart Agriculture	Why is crop diversification important?	Crop diversification reduces production risks and improves food security.	Pourquoi diversifier les cultures ?	Réduire les risques agricoles.	Mun na sɛnɛfɛnw suguya caman ka ɲi?	Walasa ka sɛnɛko faratiw dɔgɔya.			
71	Sustainable Agriculture	What is sustainable agriculture?	Sustainable agriculture meets current food needs while preserving resources for future generations.	Qu’est-ce que l’agriculture durable ?	Agriculture respectueuse des ressources.	Sɛnɛ maratɔ ye mun ye ?	Sɛnɛ min bɛ kɛ ni namafɛnw ye bonya kɔnɔ.			
72	Sustainable Agriculture	Why is biodiversity important in agriculture?	Biodiversity enhances ecosystem resilience and helps control pests and diseases naturally.	Pourquoi la biodiversité est-elle importante ?	Elle protège les écosystèmes.	Mun na ɲanamaya fenw nafa ka bon?	A bɛ jɛkuluw lakana.			
73	Sustainable Agriculture	How can farmers improve soil organic matter?	Farmers can improve soil organic matter by applying compost, manure, and crop residues.	Comment améliorer la matière organique ?	Compost et fumier.	Bagan walima ɲama nɔgɔ bɛ la fisaya cogo di?	Ka dinka nɔgɔ ani bagan nɔgɔ fara a kan.			
74	Sustainable Agriculture	Why should crop residues be retained on the field?	Crop residues protect the soil, conserve moisture, and improve soil fertility.	Pourquoi garder les résidus ?	Pour protéger le sol.	Mun na sɛnɛfɛn tɔw marali ka ɲi?	Walasa ka dugukolo lakana.			
75	Sustainable Agriculture	How can farmers reduce the use of chemical inputs?	Farmers can adopt integrated soil fertility and pest management practices.	Comment réduire les intrants chimiques ?	Utiliser des méthodes intégrées.	Do bɛ se ka bɔ nɔgɔ kemikiw la cogo di?	Nin ka fɛɛrɛw fara ɲɔgɔn kan, k’u kɛ ɲɔgɔn fɛ. 			
76	Post-Harvest Handling	What is post-harvest handling?	Post-harvest handling refers to all activities carried out after harvesting to preserve crop quality and reduce losses.	Qu’est-ce que la gestion post-récolte ?	Activités après la récolte.	Suman mara cogo suman tigɛ kɔfɛ, o ye mun ye?	Baara minnu bɛ kɛ suman tigɛ kɔfɛ.			
77	Post-Harvest Handling	Why should harvested produce be sorted?	Sorting removes damaged, diseased, or poor-quality produce and improves market value.	Pourquoi trier les produits ?	Pour améliorer la qualité.	Mun na sumankisɛw ka kan ka woloma?	Walasa ka nɔgɔnya sabati.			
78	Post-Harvest Handling	Why should harvested produce be protected from direct sunlight?	Excessive sunlight can reduce quality, increase moisture loss, and shorten shelf life.	Pourquoi éviter le soleil direct ?	Il réduit la qualité.	Mun na ka kana tile yeelen tilennen ma?	A bɛ nɔgɔnya fɛgɛnya.			
79	Post-Harvest Handling	How can farmers reduce post-harvest losses?	Farmers can reduce losses through proper drying, storage, handling, and transportation practices.	Comment réduire les pertes ?	Bon séchage et stockage.	Dɔ bɛ se ka bɔ bɔnɛw la cogo di?	Jalicogo ani maracogo ɲuman.			
80	Post-Harvest Handling	Why is proper packaging important?	Proper packaging protects produce during storage and transport and helps maintain quality.	Pourquoi l’emballage est important ?	Protection pendant transport.	Mun na pakew dilanni nafa ka bon?	Walasa ka lakana sabati taama siraw la.			
81	Livestock Integration	What are the benefits of integrating livestock with crop farming?	Integrating livestock and crops improves nutrient cycling, diversifies income, and enhances farm resilience.	Avantages agriculture-élevage ?	Recyclage des nutriments.	Nafa minnu bɛ sɛnɛ ni baganmara la?	Balofɛnw soginni.			
82	Livestock Integration	How can animal manure benefit crop production?	Animal manure supplies nutrients, improves soil structure, and increases water retention.	Pourquoi utiliser le fumier ?	Améliore le sol.	Mun na an ka kan ka baara kɛ ni bagan nɔgɔ ye?	A bɛ do fara dugukolo ɲɛ ka.			
83	Livestock Integration	Why should livestock have access to clean water?	Clean water is essential for animal health, productivity, and disease prevention.	Pourquoi eau propre pour animaux ?	Santé animale.	Mun na ji saniyalen ka ɲi baganw ma? 	Baganw ka kɛnɛya.			
84	Livestock Integration	How can crop residues be used in livestock production?	Crop residues can be used as livestock feed or bedding material.	Résidus agricoles pour animaux ?	Aliment et litière.	Sɛnɛfɛn ani bin tɔw baganw ye?	Dumuni ni lalan fɛnw.			
85	Livestock Integration	Why is livestock vaccination important?	Vaccination protects animals from diseases and reduces mortality.	Pourquoi vacciner les animaux ?	Prévention des maladies.	Mun na bagan furasɔgɔli bɛ kɛ?	Walasa ka banaw kunbɛn.			
86	Agricultural Extension	What is agricultural extension?	Agricultural extension is a service that provides farmers with technical advice, training, and information.	Qu’est-ce que la vulgarisation agricole ?	Service de conseil aux agriculteurs.	Sɛnɛ yiriwali ye mun ye?	Ladilikan baarada min bɛ bila sɛnɛkɛlaw ka bolo kan.			
87	Agricultural Extension	Why should farmers consult extension agents?	Extension agents provide guidance on improved farming practices, pest control, and new technologies.	Pourquoi consulter les agents ?	Conseils techniques.	Mun na an ka kan ka an ka ɲininkaliw tɛnkun sɛnɛkɛ dɛmɛbagaw la?	U bɛ ladilikanw di fɛɛrɛko siratigɛ la.			
88	Agricultural Extension	How can farmers access agricultural information?	Farmers can access information through extension services, radio programs, mobile phones, and farmer organizations.	Où obtenir des infos agricoles ?	Radios, agents, téléphones.	Sɛnɛ kunnafoniw bɛ sɔrɔ min?	Arajow, sɛnɛkɛ dɛmɛbagaw ani telefɔniw sira fɛ.			
89	Agricultural Extension	What role do farmer organizations play?	Farmer organizations facilitate training, market access, and the sharing of agricultural knowledge.	Rôle des organisations paysannes ?	Formation et accès au marché.	Sɛnɛkɛlaw ka tɔnw jɔyɔrɔ ye mun ye?	Kalan ni sugu la sɔrɔli.			
90	Agricultural Extension	Why is farmer training important?	Training helps farmers adopt improved technologies and increase productivity.	Pourquoi la formation ?	Améliorer les pratiques.	Nafa jumɛn bɛ kalan na ?	Ka baara kɛ cogo sinsin.			
91	Soil and Water Conservation	What is soil conservation?	Soil conservation refers to practices that protect soil from erosion and degradation.	Qu’est-ce que la conservation du sol ?	Protection contre l’érosion.	Dugukolo lakanani ye mun ye?	Lakanali ka bɔ Dugukolo tiliyali ma.			
92	Soil and Water Conservation	What is water conservation in agriculture?	Water conservation involves efficient use and management of water resources for farming.	Qu’est-ce que la conservation de l’eau ?	Utilisation efficace de l’eau.	Ji lakanani ye mun ye?	Ji la baara cogo ɲuman.			
93	Soil and Water Conservation	How do contour ridges help farmers?	Contour ridges reduce runoff, conserve water, and minimize soil erosion.	Avantage des courbes de niveau ?	Réduction du ruissellement.	Nafa jumɛnw bɛ ciden siraw la?	Ji boli dɔgɔyali.			
94	Soil and Water Conservation	Why are trees important on farms?	Trees protect the soil, provide shade, improve biodiversity, and supply useful products.	Pourquoi planter des arbres ?	Protection et fertilité.	Nafa jumɛn bɛ jiri turu la?	Lakanali ani dugukolo nɔgɔya.			
95	Soil and Water Conservation	What are the benefits of cover crops?	Cover crops reduce erosion, improve soil fertility, suppress weeds, and conserve moisture.	Avantages des cultures de couverture ?	Protection du sol.	Nafa jumɛn bɛ dugukolo datugun binw na?	Dugukolo lakanani.			
96	Pest and Disease Diagnosis	How can farmers identify crop diseases?	Farmers can identify diseases by observing symptoms such as spots, wilting, discoloration, and abnormal growth.	Comment identifier une maladie ?	Observation des symptômes.	Bana bɛ dɔn cogo di?	Taamasiɲɛw kɔlɔsili.			
97	Pest and Disease Diagnosis	Why is early disease detection important?	Early detection allows timely intervention and reduces crop losses.	Pourquoi détecter tôt ?	Réduire les pertes.	Mun na bana ka kan ka dɔn joona?	Walasa dɔ ka bɔ bɔnɛw la.			
98	Pest and Disease Diagnosis	What should farmers do when they observe unusual crop symptoms?	Farmers should consult extension agents or agricultural specialists for diagnosis and advice.	Que faire en cas de problème ?	Consulter un expert.	Ni gɛlɛya nanna, an ka kan ka mun kɛ?	An ka kan ka taa bɛ taa dɔnnikɛla dɔ fɛ.			
99	Pest and Disease Diagnosis	Can mobile technologies help diagnose crop problems?	Yes. Mobile applications and digital advisory services can help farmers identify crop problems.	Les téléphones aident-ils ?	Oui, diagnostic numérique.	Yala telefɔniw bɛ dɛmɛ don wa?	Walasa ka sɛgɛsɛgɛli sabati.			
100	Pest and Disease Diagnosis	Why should farmers keep farm records?	Farm records help farmers monitor production, evaluate performance, and make informed decisions.	Pourquoi tenir des registres ?	Suivi et prise de décision.	Mun na ka sɛbɛnnikalaba mara?	Kɔlɔsili ani desizɔn taali.			
